S1,S2
Tuen Mun,Siu Hong
Siu Hong,Tin Shui Wai
Tin Shui Wai,Long Ping
Long Ping,Yuen Long
Yuen Long,Kam Sheung Road
Kam Sheung Road,Tsuen Wan West
Tsuen Wan West,Mei Foo
Mei Foo,Nam Cheong
Nam Cheong,Austin
Austin,East Tsim Sha Tsui
East Tsim Sha Tsui,Hung Hom
Lo Wu,Sheung Shui
Lok Ma Chau,Sheung Shui
Sheung Shui,Fanling
Fanling,Tai Wo
Tai Wo,Tai Po Market
Tai Po Market,University
University,Fo Tan
University,Racecourse
Fo Tan,Sha Tin
Racecourse,Sha Tin
Sha Tin,Tai Wai
Tai Wai,Kowloon Tong
Kowloon Tong,Mong Kok East
Mong Kok East,Hung Hom
Tai Wai,Che Kung Temple
Che Kung Temple,Sha Tin Wai
Sha Tin Wai,City One
City One,Shek Mun
Shek Mun,Tai Shui Hang
Tai Shui Hang,Heng On
Heng On,Ma On Shan
Ma On Shan,Wu Kai Sha
Sheung Wan,Central
Central,Admiralty
Admiralty,Wan Chai
Wan Chai,Causeway Bay
Causeway Bay,Tin Hau
Tin Hau,Fortress Hill
Fortress Hill,North Point
North Point,Quarry Bay
Quarry Bay,Tai Koo
Tai Koo,Sai Wan Ho
Sai Wan Ho,Shau Kei Wan
Shau Kei Wan,Heng Fa Chuen
Heng Fa Chuen,Chai Wan
LOHAS Park,Tseung Kwan O
Po Lam,Hang Hau
Hang Hau,Tseung Kwan O
Tseung Kwan O,Tiu Keng Leng
Tiu Keng Leng,Yau Tong
Yau Tong,Quarry Bay
Yau Tong,Lam Tin
Lam Tin,Kwun Tong
Kwun Tong,Ngau Tau Kok
Ngau Tau Kok,Kowloon Bay
Kowloon Bay,Choi Hung
Choi Hung,Diamond Hill
Diamond Hill,Wong Tai Sin
Wong Tai Sin,Lok Fu
Lok Fu,Kowloon Tong
Kowloon Tong,Shek Kip Mei
Shek Kip Mei,Prince Edward
Prince Edward,Mong Kok
Mong Kok,Yau Ma Tei
Yau Ma Tei,Jordan
Jordan,Tsim Sha Tsui
Tsim Sha Tsui,Admiralty
Prince Edward,Sham Shui Po
Sham Shui Po,Cheung Sha Wan
Cheung Sha Wan,Lai Chi Kok
Lai Chi Kok,Mei Foo
Mei Foo,Lai King
Lai King,Kwai Fong
Kwai Fong,Kwai Hing
Kwai Hing,Tai Wo Hau
Tai Wo Hau,Tsuen Wan
Central,Kowloon
Kowloon,Olympic
Olympic,Nam Cheong
Nam Cheong,Lai King
Lai King,Tsing Yi
Tsing Yi,Sunny Bay
Sunny Bay,Disneyland Resort
Sunny Bay,Tung Chung
Tsing Yi,Airport
Airport,AsiaWorld-Expo
